{
  "project_info": {
    "project_number": "501892039859",
    "project_id": "water-delivery-app-2faf9",
    "storage_bucket": "water-delivery-app-2faf9.appspot.com"
  },
  "client": [
    {
      "client_info": {
        "mobilesdk_app_id": "1:501892039859:android:9ca10b8bb8aade7ce4dcc6",
        "android_client_info": {
          "package_name": "com.example.waterdeliveryapp"
        }
      },
      "oauth_client": [
        {
          "client_id": "501892039859-lidl76tsum3n52cs25g4remorcppmsgj.apps.googleusercontent.com",
          "client_type": 3
        }
      ],
      "api_key": [
        {
          "current_key": "AIzaSyC9zP7LUgbXyPv3oVLuU8wNmB4tjkjoJ9A"
        }
      ],
      "services": {
        "appinvite_service": {
          "other_platform_oauth_client": [
            {
              "client_id": "501892039859-lidl76tsum3n52cs25g4remorcppmsgj.apps.googleusercontent.com",
              "client_type": 3
            }
          ]
        }
      }
    }
  ],
  "configuration_version": "1"
}